<?xml version="1.0" encoding="UTF-8"?>
<project-private xmlns="http://www.netbeans.org/ns/project-private/1">
    <editor-bookmarks xmlns="http://www.netbeans.org/ns/editor-bookmarks/2" lastBookmarkId="0"/>
    <open-files xmlns="http://www.netbeans.org/ns/projectui-open-files/2">
        <group>
            <file>file:/G:/Year%204-MASTERS/COMP1618%20Software%20Tools%20and%20Techniques/CinemaTickets/CinemaTickets/src/CinemaTicket.java</file>
            <file>file:/G:/Year%204-MASTERS/COMP1618%20Software%20Tools%20and%20Techniques/CinemaTickets/CinemaTickets/src/PurchaseTicket.java</file>
        </group>
    </open-files>
</project-private>
